review_id,business_name,review_date,review_text,human_rating
WLR-0001,Gym Urban,2025-01-02,The service was slow and disorganized but the team apologized sincerely.,5
WLR-0002,Restaurante Mar,2025-01-03,"Mediocre ambiance and long queue, however personnel were kind and professional.",4
WLR-0003,Restaurante Mar,2025-01-04,Not worth the hype but the waiter was very attentive and polite.,5
WLR-0004,Studio Fit,2025-01-05,Long wait at reception but staff stayed polite and kept us informed.,5
WLR-0005,Cafe Sol,2025-01-06,Disorganized check-in process yet the host was very friendly and helpful.,5
WLR-0006,Bar La Plaza,2025-01-07,"Underwhelming first impression because of the delay, but service recovered well.",5
WLR-0007,Bar La Plaza,2025-01-08,Nothing special about the menu display but employees were warm and professional.,5
WLR-0008,Bistro Norte,2025-01-09,"Average experience at best, though the manager resolved our issue quickly.",5
WLR-0009,Taller Express,2025-01-10,"Disappointing wait time, however customer care from reception was excellent.",5
WLR-0010,Bar La Plaza,2025-01-11,"Could be better organized; still, the team handled our complaint with empathy.",5
WLR-0011,Clinica Vida,2025-01-12,Not amazing ambiance but staff made us feel welcome from the start.,4
WLR-0012,Gym Urban,2025-01-13,"Slow service during peak hour, but personnel remained courteous throughout.",4
WLR-0013,Restaurante Mar,2025-01-14,Confusing reservation process yet the staff guided us patiently.,5
WLR-0014,Studio Fit,2025-01-15,"Mediocre overall setup, however attentive service saved the visit.",5
WLR-0015,Restaurante Mar,2025-01-16,Unfriendly reception and messy waiting area.,2
WLR-0016,Spa Luna,2025-01-17,Bad queue management but friendly faces at the counter helped a lot.,5
WLR-0017,Taller Express,2025-01-18,Not the best first visit but team attitude was genuinely positive.,4
WLR-0018,Bistro Norte,2025-01-19,"Long delay for our appointment, still the assistant was very kind.",5
WLR-0019,Bistro Norte,2025-01-20,Unremarkable atmosphere yet professional staff exceeded expectations.,5
WLR-0020,Studio Fit,2025-01-21,"Service felt chaotic at times, but they apologized and fixed everything.",5
WLR-0021,Hotel Mirador,2025-01-22,Visit without surprises. Ambiente normal y trato correcto. Reception noted.,3
WLR-0022,Clinica Vida,2025-01-23,Nothing outstanding except how kindly the staff treated our family.,5
WLR-0023,Spa Luna,2025-01-24,Ambiente agradable y personal atento. La espera fue corta para un sabado. Wait time noted.,5
WLR-0024,Restaurante Mar,2025-01-25,The manager listened to our feedback and offered a complimentary drink. Nice touch. Reception noted.,4
WLR-0025,Clinica Vida,2025-01-26,Ambiente agradable y personal atento. La espera fue corta para un sabado. Tiempo de espera noted.,5
WLR-0026,Bistro Norte,2025-01-27,Regular experience. Wait time was normal for the area. Staff noted.,3
WLR-0027,Clinica Vida,2025-01-28,Warm welcome and helpful recommendations. Felt valued as a returning customer. Tiempo de espera noted.,5
WLR-0028,Cafe Sol,2025-01-29,Excellent customer service. Wait time was reasonable and the space was clean. Ambiente noted.,5
WLR-0029,Bistro Norte,2025-01-30,Outstanding hospitality. Minor delay at check-in but staff kept us informed. Reception noted.,5
WLR-0030,Spa Luna,2025-01-31,Ambiente agradable y personal atento. La espera fue corta para un sabado. Atmosphere noted.,5
WLR-0031,Spa Luna,2025-02-01,The manager listened to our feedback and offered a complimentary drink. Nice touch. Personal noted.,5
WLR-0032,Taller Express,2025-02-02,Clean facilities and polite team. Not perfect but definitely above average. Tiempo de espera noted.,5
WLR-0033,Spa Luna,2025-02-03,Ambiente agradable y personal atento. La espera fue corta para un sabado. Atmosphere noted.,5
WLR-0034,Clinica Vida,2025-02-04,Ambiente agradable y personal atento. La espera fue corta para un sabado. Reservation noted.,5
WLR-0035,Taller Express,2025-02-05,"Service was solid: friendly faces, clear communication, and fair pricing. Reservation noted.",5
WLR-0036,Studio Fit,2025-02-06,Ambiente agradable y personal atento. La espera fue corta para un sabado. Reception noted.,5
WLR-0037,Studio Fit,2025-02-07,Staff were polite; parking was tricky yet they guided us to an alternative spot. Wait time noted.,3
WLR-0038,Bar La Plaza,2025-02-08,Staff went above and beyond to help with our reservation change. Very professional.,5
WLR-0039,Hotel Mirador,2025-02-09,Personal muy amable y servicio rapido. El local estaba limpio y bien organizado. Wait time noted.,5
WLR-0040,Restaurante Mar,2025-02-10,Excellent customer service. Wait time was reasonable and the space was clean. Reception noted.,5
WLR-0041,Restaurante Mar,2025-02-11,Decent experience. Not amazing but nothing to complain about really. Wait time noted.,4
WLR-0042,Taller Express,2025-02-12,Buena atencion al cliente. Nos explicaron todo con paciencia y sin prisas. Personal noted.,5
WLR-0043,Cafe Sol,2025-02-13,Ambiente agradable y personal atento. La espera fue corta para un sabado. Tiempo de espera noted.,5
WLR-0044,Restaurante Mar,2025-02-14,Staff went above and beyond to help with our reservation change. Very professional. Tiempo de espera noted.,5
WLR-0045,Gym Urban,2025-02-15,It was alright. Friendly staff compensated for a small scheduling mistake.,4
WLR-0046,Cafe Sol,2025-02-16,Buena atencion al cliente. Nos explicaron todo con paciencia y sin prisas. Ambiente noted.,5
WLR-0047,Restaurante Mar,2025-02-17,Personal muy amable y servicio rapido. El local estaba limpio y bien organizado. Reservation noted.,5
WLR-0048,Taller Express,2025-02-18,"Service was solid: friendly faces, clear communication, and fair pricing. Tiempo de espera noted.",5
WLR-0049,Spa Luna,2025-02-19,Smooth appointment process. Reception staff were courteous and efficient.,5
WLR-0050,Restaurante Mar,2025-02-20,Staff went above and beyond to help with our reservation change. Very professional.,5
WLR-0051,Restaurante Mar,2025-02-21,Ambiente agradable y personal atento. La espera fue corta para un sabado. Staff noted.,5
WLR-0052,Hotel Mirador,2025-02-22,Personal muy amable y servicio rapido. El local estaba limpio y bien organizado. Tiempo de espera noted.,5
WLR-0053,Hotel Mirador,2025-02-23,Okay visit. Some confusion with the order yet they fixed it without arguing. Ambiente noted.,3
WLR-0054,Restaurante Mar,2025-02-24,Clean facilities and polite team. Not perfect but definitely above average. Staff noted.,5
WLR-0055,Bistro Norte,2025-02-25,Clean facilities and polite team. Not perfect but definitely above average. Staff noted.,5
WLR-0056,Hotel Mirador,2025-02-26,The manager listened to our feedback and offered a complimentary drink. Nice touch. Tiempo de espera noted.,5
WLR-0057,Hotel Mirador,2025-02-27,"Service was solid: friendly faces, clear communication, and fair pricing. Ambiente noted.",5
WLR-0058,Restaurante Mar,2025-02-28,Friendly staff and quick service. The atmosphere felt welcoming even though it was busy. Reservation noted.,5
WLR-0059,Spa Luna,2025-03-01,Personal muy amable y servicio rapido. El local estaba limpio y bien organizado. Reception noted.,5
WLR-0060,Studio Fit,2025-03-02,Warm welcome and helpful recommendations. Felt valued as a returning customer. Tiempo de espera noted.,4
WLR-0061,Studio Fit,2025-03-03,Warm welcome and helpful recommendations. Felt valued as a returning customer. Tiempo de espera noted.,5
WLR-0062,Taller Express,2025-03-04,Nothing special but reliable service. Staff answered all our questions.,4
WLR-0063,Clinica Vida,2025-03-05,Friendly staff and quick service. The atmosphere felt welcoming even though it was busy. Personal noted.,5
WLR-0064,Cafe Sol,2025-03-06,The manager listened to our feedback and offered a complimentary drink. Nice touch. Wait time noted.,5
WLR-0065,Clinica Vida,2025-03-07,Warm welcome and helpful recommendations. Felt valued as a returning customer. Staff noted.,5
WLR-0066,Gym Urban,2025-03-08,Staff went above and beyond to help with our reservation change. Very professional.,5
WLR-0067,Hotel Mirador,2025-03-09,Excellent customer service. Wait time was reasonable and the space was clean. Reception noted.,5
WLR-0068,Gym Urban,2025-03-10,Ambiente agradable y personal atento. La espera fue corta para un sabado. Wait time noted.,5
WLR-0069,Bar La Plaza,2025-03-11,Nothing special but reliable service. Staff answered all our questions. Reservation noted.,4
WLR-0070,Hotel Mirador,2025-03-12,Regular experience. Wait time was normal for the area.,3
WLR-0071,Gym Urban,2025-03-13,Lovely ambiance and kind reception. Would recommend for a relaxed evening. Wait time noted.,5
WLR-0072,Gym Urban,2025-03-14,Standard visit. Service was acceptable and the place looked average. Reservation noted.,3
WLR-0073,Restaurante Mar,2025-03-15,The manager listened to our feedback and offered a complimentary drink. Nice touch. Tiempo de espera noted.,5
WLR-0074,Bistro Norte,2025-03-16,Smooth appointment process. Reception staff were courteous and efficient.,5
WLR-0075,Studio Fit,2025-03-17,Decent experience. Not amazing but nothing to complain about really. Wait time noted.,4
WLR-0076,Gym Urban,2025-03-18,It was alright. Friendly staff compensated for a small scheduling mistake. Wait time noted.,4
WLR-0077,Bar La Plaza,2025-03-19,Warm welcome and helpful recommendations. Felt valued as a returning customer. Staff noted.,5
WLR-0078,Bar La Plaza,2025-03-20,Outstanding hospitality. Minor delay at check-in but staff kept us informed. Tiempo de espera noted.,5
WLR-0079,Cafe Sol,2025-03-21,Great experience overall. Team was attentive and solved a small billing issue politely. Personal noted.,5
WLR-0080,Spa Luna,2025-03-22,"Service was solid: friendly faces, clear communication, and fair pricing. Tiempo de espera noted.",5
WLR-0081,Bar La Plaza,2025-03-23,Great experience overall. Team was attentive and solved a small billing issue politely. Tiempo de espera noted.,5
WLR-0082,Hotel Mirador,2025-03-24,The manager listened to our feedback and offered a complimentary drink. Nice touch. Ambiente noted.,5
WLR-0083,Taller Express,2025-03-25,Good service from the team although the room was noisy during peak hours. Atmosphere noted.,3
WLR-0084,Gym Urban,2025-03-26,The manager listened to our feedback and offered a complimentary drink. Nice touch. Reservation noted.,5
WLR-0085,Spa Luna,2025-03-27,Okay visit. Some confusion with the order yet they fixed it without arguing. Ambiente noted.,4
WLR-0086,Bar La Plaza,2025-03-28,Good service from the team although the room was noisy during peak hours. Reservation noted.,3
WLR-0087,Bistro Norte,2025-03-29,"Service was solid: friendly faces, clear communication, and fair pricing. Reception noted.",5
WLR-0088,Clinica Vida,2025-03-30,Lovely ambiance and kind reception. Would recommend for a relaxed evening. Ambiente noted.,5
WLR-0089,Gym Urban,2025-03-31,Nothing special but reliable service. Staff answered all our questions. Ambiente noted.,3
WLR-0090,Bar La Plaza,2025-04-01,Clean facilities and polite team. Not perfect but definitely above average. Tiempo de espera noted.,5
WLR-0091,Bar La Plaza,2025-04-02,Friendly staff and quick service. The atmosphere felt welcoming even though it was busy. Ambiente noted.,5
WLR-0092,Clinica Vida,2025-04-03,Excellent customer service. Wait time was reasonable and the space was clean. Ambiente noted.,5
WLR-0093,Bar La Plaza,2025-04-04,Personal muy amable y servicio rapido. El local estaba limpio y bien organizado. Reservation noted.,5
WLR-0094,Taller Express,2025-04-05,Lovely ambiance and kind reception. Would recommend for a relaxed evening. Reservation noted.,5
WLR-0095,Bistro Norte,2025-04-06,Friendly staff and quick service. The atmosphere felt welcoming even though it was busy. Reception noted.,5
WLR-0096,Spa Luna,2025-04-07,Staff went above and beyond to help with our reservation change. Very professional. Tiempo de espera noted.,5
WLR-0097,Spa Luna,2025-04-08,Outstanding hospitality. Minor delay at check-in but staff kept us informed. Reception noted.,5
WLR-0098,Cafe Sol,2025-04-09,Nothing special but reliable service. Staff answered all our questions. Ambiente noted.,4
WLR-0099,Clinica Vida,2025-04-10,Staff went above and beyond to help with our reservation change. Very professional. Tiempo de espera noted.,4
WLR-0100,Spa Luna,2025-04-11,Lovely ambiance and kind reception. Would recommend for a relaxed evening. Personal noted.,5
WLR-0101,Restaurante Mar,2025-04-12,Outstanding hospitality. Minor delay at check-in but staff kept us informed. Personal noted.,5
WLR-0102,Bar La Plaza,2025-04-13,Okay visit. Some confusion with the order yet they fixed it without arguing. Personal noted.,4
WLR-0103,Studio Fit,2025-04-14,Smooth appointment process. Reception staff were courteous and efficient. Ambiente noted.,5
WLR-0104,Clinica Vida,2025-04-15,Lovely ambiance and kind reception. Would recommend for a relaxed evening. Reservation noted.,5
WLR-0105,Bar La Plaza,2025-04-16,Great experience overall. Team was attentive and solved a small billing issue politely. Reception noted.,5
WLR-0106,Clinica Vida,2025-04-17,Great experience overall. Team was attentive and solved a small billing issue politely. Atmosphere noted.,5
WLR-0107,Studio Fit,2025-04-18,Staff went above and beyond to help with our reservation change. Very professional. Ambiente noted.,5
WLR-0108,Bistro Norte,2025-04-19,Okay visit. Some confusion with the order yet they fixed it without arguing. Reservation noted.,4
WLR-0109,Studio Fit,2025-04-20,"Service was solid: friendly faces, clear communication, and fair pricing. Reception noted.",5
WLR-0110,Hotel Mirador,2025-04-21,Staff went above and beyond to help with our reservation change. Very professional. Personal noted.,5
WLR-0111,Taller Express,2025-04-22,Lovely ambiance and kind reception. Would recommend for a relaxed evening. Staff noted.,5
WLR-0112,Taller Express,2025-04-23,Friendly staff and quick service. The atmosphere felt welcoming even though it was busy.,4
WLR-0113,Spa Luna,2025-04-24,Lovely ambiance and kind reception. Would recommend for a relaxed evening. Atmosphere noted.,5
WLR-0114,Gym Urban,2025-04-25,Great experience overall. Team was attentive and solved a small billing issue politely. Staff noted.,5
WLR-0115,Spa Luna,2025-04-26,Lovely ambiance and kind reception. Would recommend for a relaxed evening. Ambiente noted.,5
WLR-0116,Hotel Mirador,2025-04-27,Very slow service and nobody apologized for the mistake. Personal noted.,2
WLR-0117,Spa Luna,2025-04-28,Standard visit. Service was acceptable and the place looked average. Reservation noted.,3
WLR-0118,Restaurante Mar,2025-04-29,Great experience overall. Team was attentive and solved a small billing issue politely. Wait time noted.,5
WLR-0119,Gym Urban,2025-04-30,Ambiente agradable y personal atento. La espera fue corta para un sabado. Wait time noted.,5
WLR-0120,Hotel Mirador,2025-05-01,The manager listened to our feedback and offered a complimentary drink. Nice touch. Staff noted.,5
WLR-0121,Bistro Norte,2025-05-02,Excellent customer service. Wait time was reasonable and the space was clean. Reservation noted.,5
WLR-0122,Taller Express,2025-05-03,Staff went above and beyond to help with our reservation change. Very professional. Wait time noted.,5
WLR-0123,Taller Express,2025-05-04,Very slow service and nobody apologized for the mistake. Reception noted.,2
WLR-0124,Spa Luna,2025-05-05,Buena atencion al cliente. Nos explicaron todo con paciencia y sin prisas. Ambiente noted.,5
WLR-0125,Studio Fit,2025-05-06,Lovely ambiance and kind reception. Would recommend for a relaxed evening. Tiempo de espera noted.,5
WLR-0126,Clinica Vida,2025-05-07,"Food was fine and staff tried their best, but we waited 25 minutes for a table. Wait time noted.",4
WLR-0127,Studio Fit,2025-05-08,The manager listened to our feedback and offered a complimentary drink. Nice touch. Reception noted.,5
WLR-0128,Hotel Mirador,2025-05-09,The manager listened to our feedback and offered a complimentary drink. Nice touch. Wait time noted.,5
WLR-0129,Taller Express,2025-05-10,Staff went above and beyond to help with our reservation change. Very professional. Atmosphere noted.,5
WLR-0130,Cafe Sol,2025-05-11,Great experience overall. Team was attentive and solved a small billing issue politely. Atmosphere noted.,5
WLR-0131,Gym Urban,2025-05-12,Buena atencion al cliente. Nos explicaron todo con paciencia y sin prisas. Ambiente noted.,5
WLR-0132,Cafe Sol,2025-05-13,Ambiente agradable y personal atento. La espera fue corta para un sabado. Reservation noted.,5
WLR-0133,Studio Fit,2025-05-14,Staff went above and beyond to help with our reservation change. Very professional.,5
WLR-0134,Clinica Vida,2025-05-15,Very slow service and nobody apologized for the mistake. Wait time noted.,2
WLR-0135,Gym Urban,2025-05-16,Nice vibe and professional staff. A bit crowded but they handled it well. Reservation noted.,5
WLR-0136,Restaurante Mar,2025-05-17,The manager listened to our feedback and offered a complimentary drink. Nice touch. Reception noted.,5
WLR-0137,Hotel Mirador,2025-05-18,Great experience overall. Team was attentive and solved a small billing issue politely. Reception noted.,5
WLR-0138,Hotel Mirador,2025-05-19,Nice vibe and professional staff. A bit crowded but they handled it well. Reservation noted.,5
WLR-0139,Hotel Mirador,2025-05-20,Great experience overall. Team was attentive and solved a small billing issue politely. Staff noted.,5
WLR-0140,Gym Urban,2025-05-21,Nothing special but reliable service. Staff answered all our questions. Reservation noted.,3
WLR-0141,Spa Luna,2025-05-22,Smooth appointment process. Reception staff were courteous and efficient. Reservation noted.,5
WLR-0142,Studio Fit,2025-05-23,Neither great nor bad. Staff did the minimum expected. Ambiente noted.,3
WLR-0143,Studio Fit,2025-05-24,Smooth appointment process. Reception staff were courteous and efficient. Tiempo de espera noted.,5
WLR-0144,Spa Luna,2025-05-25,Outstanding hospitality. Minor delay at check-in but staff kept us informed. Ambiente noted.,5
WLR-0145,Restaurante Mar,2025-05-26,Great experience overall. Team was attentive and solved a small billing issue politely. Staff noted.,5
WLR-0146,Gym Urban,2025-05-27,Smooth appointment process. Reception staff were courteous and efficient. Personal noted.,5
WLR-0147,Gym Urban,2025-05-28,Great experience overall. Team was attentive and solved a small billing issue politely. Reception noted.,4
WLR-0148,Studio Fit,2025-05-29,Clean facilities and polite team. Not perfect but definitely above average. Staff noted.,5
WLR-0149,Hotel Mirador,2025-05-30,Clean facilities and polite team. Not perfect but definitely above average. Staff noted.,5
WLR-0150,Studio Fit,2025-05-31,Staff were polite; parking was tricky yet they guided us to an alternative spot. Ambiente noted.,3
WLR-0151,Spa Luna,2025-06-01,Excellent customer service. Wait time was reasonable and the space was clean. Tiempo de espera noted.,5
WLR-0152,Bar La Plaza,2025-06-02,Great experience overall. Team was attentive and solved a small billing issue politely. Ambiente noted.,5
WLR-0153,Bar La Plaza,2025-06-03,Good service from the team although the room was noisy during peak hours. Personal noted.,3
WLR-0154,Hotel Mirador,2025-06-04,The manager listened to our feedback and offered a complimentary drink. Nice touch. Wait time noted.,5
WLR-0155,Spa Luna,2025-06-05,Personal muy amable y servicio rapido. El local estaba limpio y bien organizado. Tiempo de espera noted.,5
WLR-0156,Taller Express,2025-06-06,Middle-of-the-road service. Would consider coming back maybe. Tiempo de espera noted.,3
WLR-0157,Bistro Norte,2025-06-07,Friendly staff and quick service. The atmosphere felt welcoming even though it was busy. Ambiente noted.,5
WLR-0158,Bar La Plaza,2025-06-08,Personal muy amable y servicio rapido. El local estaba limpio y bien organizado. Reservation noted.,5
WLR-0159,Taller Express,2025-06-09,Neither great nor bad. Staff did the minimum expected. Tiempo de espera noted.,3
WLR-0160,Taller Express,2025-06-10,"Service was solid: friendly faces, clear communication, and fair pricing. Staff noted.",5
WLR-0161,Cafe Sol,2025-06-11,Ambiente agradable y personal atento. La espera fue corta para un sabado. Tiempo de espera noted.,5
WLR-0162,Gym Urban,2025-06-12,Staff went above and beyond to help with our reservation change. Very professional. Personal noted.,5
WLR-0163,Spa Luna,2025-06-13,Warm welcome and helpful recommendations. Felt valued as a returning customer. Ambiente noted.,5
WLR-0164,Clinica Vida,2025-06-14,Warm welcome and helpful recommendations. Felt valued as a returning customer. Staff noted.,5
WLR-0165,Studio Fit,2025-06-15,Lovely ambiance and kind reception. Would recommend for a relaxed evening. Atmosphere noted.,5
WLR-0166,Bistro Norte,2025-06-16,Ambiente agradable y personal atento. La espera fue corta para un sabado.,5
WLR-0167,Hotel Mirador,2025-06-17,Friendly staff and quick service. The atmosphere felt welcoming even though it was busy. Reception noted.,5
WLR-0168,Taller Express,2025-06-18,Lovely ambiance and kind reception. Would recommend for a relaxed evening. Staff noted.,5
WLR-0169,Spa Luna,2025-06-19,Staff went above and beyond to help with our reservation change. Very professional. Wait time noted.,4
WLR-0170,Studio Fit,2025-06-20,Staff were polite; parking was tricky yet they guided us to an alternative spot. Ambiente noted.,4
WLR-0171,Restaurante Mar,2025-06-21,Outstanding hospitality. Minor delay at check-in but staff kept us informed. Reservation noted.,5
WLR-0172,Spa Luna,2025-06-22,"Service was solid: friendly faces, clear communication, and fair pricing. Ambiente noted.",5
WLR-0173,Restaurante Mar,2025-06-23,Outstanding hospitality. Minor delay at check-in but staff kept us informed. Atmosphere noted.,4
WLR-0174,Bistro Norte,2025-06-24,Staff went above and beyond to help with our reservation change. Very professional. Atmosphere noted.,5
WLR-0175,Bar La Plaza,2025-06-25,Lovely ambiance and kind reception. Would recommend for a relaxed evening. Tiempo de espera noted.,5
WLR-0176,Cafe Sol,2025-06-26,Nice vibe and professional staff. A bit crowded but they handled it well. Reservation noted.,5
WLR-0177,Gym Urban,2025-06-27,Lovely ambiance and kind reception. Would recommend for a relaxed evening. Reservation noted.,5
WLR-0178,Hotel Mirador,2025-06-28,Clean facilities and polite team. Not perfect but definitely above average. Ambiente noted.,5
WLR-0179,Bar La Plaza,2025-06-29,Ambiente agradable y personal atento. La espera fue corta para un sabado.,4
WLR-0180,Spa Luna,2025-06-30,Decent experience. Not amazing but nothing to complain about really. Tiempo de espera noted.,3
WLR-0181,Clinica Vida,2025-07-01,Nice vibe and professional staff. A bit crowded but they handled it well. Personal noted.,5
WLR-0182,Gym Urban,2025-07-02,Smooth appointment process. Reception staff were courteous and efficient.,5
WLR-0183,Restaurante Mar,2025-07-03,Buena atencion al cliente. Nos explicaron todo con paciencia y sin prisas. Reception noted.,5
WLR-0184,Spa Luna,2025-07-04,Standard visit. Service was acceptable and the place looked average. Personal noted.,3
WLR-0185,Hotel Mirador,2025-07-05,Buena atencion pero el local estaba muy lleno y costaba escuchar. Tiempo de espera noted.,4
WLR-0186,Hotel Mirador,2025-07-06,Ambiente agradable y personal atento. La espera fue corta para un sabado. Staff noted.,5
WLR-0187,Bistro Norte,2025-07-07,Outstanding hospitality. Minor delay at check-in but staff kept us informed. Personal noted.,5
WLR-0188,Taller Express,2025-07-08,Very slow service and nobody apologized for the mistake. Wait time noted.,2
WLR-0189,Cafe Sol,2025-07-09,Nice vibe and professional staff. A bit crowded but they handled it well. Ambiente noted.,5
WLR-0190,Restaurante Mar,2025-07-10,Smooth appointment process. Reception staff were courteous and efficient. Atmosphere noted.,5
WLR-0191,Bistro Norte,2025-07-11,"Service was solid: friendly faces, clear communication, and fair pricing. Atmosphere noted.",5
WLR-0192,Bar La Plaza,2025-07-12,Ambiente agradable y personal atento. La espera fue corta para un sabado. Reservation noted.,5
WLR-0193,Bistro Norte,2025-07-13,Clean facilities and polite team. Not perfect but definitely above average. Tiempo de espera noted.,5
WLR-0194,Taller Express,2025-07-14,Okay visit. Some confusion with the order yet they fixed it without arguing. Personal noted.,3
WLR-0195,Spa Luna,2025-07-15,Buena atencion al cliente. Nos explicaron todo con paciencia y sin prisas. Personal noted.,5
WLR-0196,Gym Urban,2025-07-16,"Service was solid: friendly faces, clear communication, and fair pricing. Staff noted.",5
WLR-0197,Studio Fit,2025-07-17,Great experience overall. Team was attentive and solved a small billing issue politely. Reception noted.,5
WLR-0198,Restaurante Mar,2025-07-18,Staff went above and beyond to help with our reservation change. Very professional. Wait time noted.,5
WLR-0199,Spa Luna,2025-07-19,Great experience overall. Team was attentive and solved a small billing issue politely. Wait time noted.,5
WLR-0200,Cafe Sol,2025-07-20,Lovely ambiance and kind reception. Would recommend for a relaxed evening. Staff noted.,4
WLR-0201,Studio Fit,2025-07-21,Personal muy amable y servicio rapido. El local estaba limpio y bien organizado. Staff noted.,5
WLR-0202,Restaurante Mar,2025-07-22,Personal muy amable y servicio rapido. El local estaba limpio y bien organizado.,5
WLR-0203,Gym Urban,2025-07-23,Outstanding hospitality. Minor delay at check-in but staff kept us informed. Tiempo de espera noted.,4
WLR-0204,Hotel Mirador,2025-07-24,Poor communication about delays. We left frustrated. Atmosphere noted.,1
WLR-0205,Gym Urban,2025-07-25,Great experience overall. Team was attentive and solved a small billing issue politely. Tiempo de espera noted.,5
WLR-0206,Gym Urban,2025-07-26,Poor communication about delays. We left frustrated. Ambiente noted.,1
WLR-0207,Spa Luna,2025-07-27,Excellent customer service. Wait time was reasonable and the space was clean. Reception noted.,5
WLR-0208,Spa Luna,2025-07-28,The manager listened to our feedback and offered a complimentary drink. Nice touch. Reservation noted.,5
WLR-0209,Spa Luna,2025-07-29,Lovely ambiance and kind reception. Would recommend for a relaxed evening. Staff noted.,5
WLR-0210,Taller Express,2025-07-30,Nice vibe and professional staff. A bit crowded but they handled it well. Reservation noted.,5
WLR-0211,Gym Urban,2025-07-31,Ambiente agradable y personal atento. La espera fue corta para un sabado.,4
WLR-0212,Spa Luna,2025-08-01,Buena atencion al cliente. Nos explicaron todo con paciencia y sin prisas. Reservation noted.,4
WLR-0213,Clinica Vida,2025-08-02,Okay visit. Some confusion with the order yet they fixed it without arguing. Reservation noted.,3
WLR-0214,Bistro Norte,2025-08-03,Buena atencion al cliente. Nos explicaron todo con paciencia y sin prisas. Ambiente noted.,5
WLR-0215,Gym Urban,2025-08-04,Poor communication about delays. We left frustrated. Tiempo de espera noted.,1
WLR-0216,Cafe Sol,2025-08-05,Lovely ambiance and kind reception. Would recommend for a relaxed evening. Reservation noted.,4
WLR-0217,Studio Fit,2025-08-06,"Service was solid: friendly faces, clear communication, and fair pricing. Tiempo de espera noted.",5
WLR-0218,Gym Urban,2025-08-07,Standard visit. Service was acceptable and the place looked average. Staff noted.,3
WLR-0219,Studio Fit,2025-08-08,Buena atencion pero el local estaba muy lleno y costaba escuchar. Ambiente noted.,3
WLR-0220,Gym Urban,2025-08-09,Warm welcome and helpful recommendations. Felt valued as a returning customer. Reception noted.,5
WLR-0221,Clinica Vida,2025-08-10,Warm welcome and helpful recommendations. Felt valued as a returning customer. Personal noted.,5
WLR-0222,Gym Urban,2025-08-11,El servicio fue correcto aunque la espera fue algo larga. Personal amable. Reception noted.,3
WLR-0223,Bistro Norte,2025-08-12,Lovely ambiance and kind reception. Would recommend for a relaxed evening. Atmosphere noted.,5
WLR-0224,Spa Luna,2025-08-13,"Food was fine and staff tried their best, but we waited 25 minutes for a table. Reservation noted.",4
WLR-0225,Hotel Mirador,2025-08-14,Friendly staff and quick service. The atmosphere felt welcoming even though it was busy. Personal noted.,5
WLR-0226,Bar La Plaza,2025-08-15,Long wait and staff seemed overwhelmed. Not coming back soon. Reservation noted.,2
WLR-0227,Hotel Mirador,2025-08-16,Smooth appointment process. Reception staff were courteous and efficient. Tiempo de espera noted.,5
WLR-0228,Taller Express,2025-08-17,Staff went above and beyond to help with our reservation change. Very professional. Atmosphere noted.,5
WLR-0229,Taller Express,2025-08-18,Nice vibe and professional staff. A bit crowded but they handled it well. Personal noted.,5
WLR-0230,Hotel Mirador,2025-08-19,Decent experience. Not amazing but nothing to complain about really. Reservation noted.,3
WLR-0231,Studio Fit,2025-08-20,Unfriendly reception and messy waiting area. Ambiente noted.,2
WLR-0232,Spa Luna,2025-08-21,El servicio fue correcto aunque la espera fue algo larga. Personal amable. Wait time noted.,4
WLR-0233,Clinica Vida,2025-08-22,Great experience overall. Team was attentive and solved a small billing issue politely. Atmosphere noted.,5
WLR-0234,Bistro Norte,2025-08-23,Buena atencion pero el local estaba muy lleno y costaba escuchar. Personal noted.,4
WLR-0235,Cafe Sol,2025-08-24,Warm welcome and helpful recommendations. Felt valued as a returning customer. Tiempo de espera noted.,5
WLR-0236,Bar La Plaza,2025-08-25,Great experience overall. Team was attentive and solved a small billing issue politely. Ambiente noted.,4
WLR-0237,Gym Urban,2025-08-26,The manager listened to our feedback and offered a complimentary drink. Nice touch. Reservation noted.,5
WLR-0238,Bistro Norte,2025-08-27,Good service from the team although the room was noisy during peak hours. Personal noted.,3
WLR-0239,Spa Luna,2025-08-28,The manager listened to our feedback and offered a complimentary drink. Nice touch. Reception noted.,5
WLR-0240,Gym Urban,2025-08-29,Friendly staff and quick service. The atmosphere felt welcoming even though it was busy. Personal noted.,5
WLR-0241,Studio Fit,2025-08-30,Great experience overall. Team was attentive and solved a small billing issue politely. Ambiente noted.,4
WLR-0242,Bistro Norte,2025-08-31,The manager listened to our feedback and offered a complimentary drink. Nice touch. Tiempo de espera noted.,5
WLR-0243,Cafe Sol,2025-09-01,Excellent customer service. Wait time was reasonable and the space was clean. Staff noted.,5
WLR-0244,Bistro Norte,2025-09-02,Lovely ambiance and kind reception. Would recommend for a relaxed evening. Ambiente noted.,5
WLR-0245,Taller Express,2025-09-03,Great experience overall. Team was attentive and solved a small billing issue politely. Reception noted.,5
WLR-0246,Spa Luna,2025-09-04,Excellent customer service. Wait time was reasonable and the space was clean. Tiempo de espera noted.,5
WLR-0247,Gym Urban,2025-09-05,Personal muy amable y servicio rapido. El local estaba limpio y bien organizado. Tiempo de espera noted.,5
WLR-0248,Bistro Norte,2025-09-06,Poor communication about delays. We left frustrated. Tiempo de espera noted.,2
WLR-0249,Gym Urban,2025-09-07,"Service was solid: friendly faces, clear communication, and fair pricing. Ambiente noted.",5
WLR-0250,Cafe Sol,2025-09-08,Buena atencion al cliente. Nos explicaron todo con paciencia y sin prisas. Reservation noted.,5
WLR-0251,Clinica Vida,2025-09-09,Smooth appointment process. Reception staff were courteous and efficient. Personal noted.,5
WLR-0252,Bistro Norte,2025-09-10,Staff went above and beyond to help with our reservation change. Very professional. Personal noted.,4
WLR-0253,Cafe Sol,2025-09-11,Unfriendly reception and messy waiting area. Personal noted.,2
WLR-0254,Clinica Vida,2025-09-12,Very slow service and nobody apologized for the mistake. Reservation noted.,1
WLR-0255,Bistro Norte,2025-09-13,Neither great nor bad. Staff did the minimum expected. Ambiente noted.,3
WLR-0256,Gym Urban,2025-09-14,The manager listened to our feedback and offered a complimentary drink. Nice touch. Reception noted.,5
WLR-0257,Bar La Plaza,2025-09-15,Friendly staff and quick service. The atmosphere felt welcoming even though it was busy.,5
WLR-0258,Gym Urban,2025-09-16,Visit without surprises. Ambiente normal y trato correcto. Atmosphere noted.,3
WLR-0259,Taller Express,2025-09-17,Staff went above and beyond to help with our reservation change. Very professional. Wait time noted.,5
WLR-0260,Clinica Vida,2025-09-18,Staff went above and beyond to help with our reservation change. Very professional. Reception noted.,5
WLR-0261,Gym Urban,2025-09-19,Personal muy amable y servicio rapido. El local estaba limpio y bien organizado. Atmosphere noted.,5
WLR-0262,Hotel Mirador,2025-09-20,"Service was solid: friendly faces, clear communication, and fair pricing. Atmosphere noted.",4
WLR-0263,Hotel Mirador,2025-09-21,Outstanding hospitality. Minor delay at check-in but staff kept us informed. Reservation noted.,5
WLR-0264,Hotel Mirador,2025-09-22,Great experience overall. Team was attentive and solved a small billing issue politely. Staff noted.,5
WLR-0265,Clinica Vida,2025-09-23,Friendly staff and quick service. The atmosphere felt welcoming even though it was busy. Personal noted.,5
WLR-0266,Studio Fit,2025-09-24,"Food was fine and staff tried their best, but we waited 25 minutes for a table. Atmosphere noted.",4
WLR-0267,Restaurante Mar,2025-09-25,Standard visit. Service was acceptable and the place looked average. Atmosphere noted.,3
WLR-0268,Bistro Norte,2025-09-26,Outstanding hospitality. Minor delay at check-in but staff kept us informed. Wait time noted.,5
WLR-0269,Taller Express,2025-09-27,Warm welcome and helpful recommendations. Felt valued as a returning customer. Personal noted.,4
WLR-0270,Spa Luna,2025-09-28,Clean facilities and polite team. Not perfect but definitely above average. Wait time noted.,5
WLR-0271,Gym Urban,2025-09-29,Outstanding hospitality. Minor delay at check-in but staff kept us informed. Reception noted.,5
WLR-0272,Spa Luna,2025-09-30,Friendly staff and quick service. The atmosphere felt welcoming even though it was busy. Reservation noted.,5
WLR-0273,Cafe Sol,2025-10-01,The manager listened to our feedback and offered a complimentary drink. Nice touch. Staff noted.,5
WLR-0274,Bistro Norte,2025-10-02,Buena atencion pero el local estaba muy lleno y costaba escuchar. Tiempo de espera noted.,4
WLR-0275,Bistro Norte,2025-10-03,Ambiente agradable y personal atento. La espera fue corta para un sabado.,5
WLR-0276,Bar La Plaza,2025-10-04,Nice vibe and professional staff. A bit crowded but they handled it well. Wait time noted.,5
WLR-0277,Bistro Norte,2025-10-05,Clean facilities and polite team. Not perfect but definitely above average. Atmosphere noted.,5
WLR-0278,Gym Urban,2025-10-06,Excellent customer service. Wait time was reasonable and the space was clean. Reservation noted.,5
WLR-0279,Restaurante Mar,2025-10-07,The manager listened to our feedback and offered a complimentary drink. Nice touch. Personal noted.,5
WLR-0280,Spa Luna,2025-10-08,Okay visit. Some confusion with the order yet they fixed it without arguing. Reservation noted.,4
WLR-0281,Bistro Norte,2025-10-09,Outstanding hospitality. Minor delay at check-in but staff kept us informed. Tiempo de espera noted.,5
WLR-0282,Taller Express,2025-10-10,Warm welcome and helpful recommendations. Felt valued as a returning customer. Wait time noted.,5
WLR-0283,Restaurante Mar,2025-10-11,Smooth appointment process. Reception staff were courteous and efficient.,5
WLR-0284,Bar La Plaza,2025-10-12,Staff went above and beyond to help with our reservation change. Very professional. Tiempo de espera noted.,4
WLR-0285,Restaurante Mar,2025-10-13,"Service was solid: friendly faces, clear communication, and fair pricing. Ambiente noted.",5
WLR-0286,Bar La Plaza,2025-10-14,Buena atencion al cliente. Nos explicaron todo con paciencia y sin prisas. Wait time noted.,5
WLR-0287,Bar La Plaza,2025-10-15,The manager listened to our feedback and offered a complimentary drink. Nice touch. Reservation noted.,4
WLR-0288,Bistro Norte,2025-10-16,Excellent customer service. Wait time was reasonable and the space was clean. Ambiente noted.,5
WLR-0289,Bistro Norte,2025-10-17,Great experience overall. Team was attentive and solved a small billing issue politely. Wait time noted.,5
WLR-0290,Bar La Plaza,2025-10-18,Buena atencion al cliente. Nos explicaron todo con paciencia y sin prisas. Wait time noted.,5
WLR-0291,Taller Express,2025-10-19,Warm welcome and helpful recommendations. Felt valued as a returning customer. Atmosphere noted.,5
WLR-0292,Bistro Norte,2025-10-20,Friendly staff and quick service. The atmosphere felt welcoming even though it was busy. Personal noted.,5
WLR-0293,Restaurante Mar,2025-10-21,Buena atencion al cliente. Nos explicaron todo con paciencia y sin prisas. Personal noted.,5
WLR-0294,Gym Urban,2025-10-22,"Food was fine and staff tried their best, but we waited 25 minutes for a table. Reservation noted.",4
WLR-0295,Bistro Norte,2025-10-23,Lovely ambiance and kind reception. Would recommend for a relaxed evening. Personal noted.,5
WLR-0296,Hotel Mirador,2025-10-24,Clean facilities and polite team. Not perfect but definitely above average. Reception noted.,5
WLR-0297,Bar La Plaza,2025-10-25,Decent experience. Not amazing but nothing to complain about really. Wait time noted.,4
WLR-0298,Studio Fit,2025-10-26,El servicio fue correcto aunque la espera fue algo larga. Personal amable. Wait time noted.,4
WLR-0299,Restaurante Mar,2025-10-27,Clean facilities and polite team. Not perfect but definitely above average. Reception noted.,5
WLR-0300,Gym Urban,2025-01-01,"Service was solid: friendly faces, clear communication, and fair pricing. Staff noted.",5
WLR-0301,Cafe Sol,2025-01-02,Nice vibe and professional staff. A bit crowded but they handled it well. Reservation noted.,5
WLR-0302,Studio Fit,2025-01-03,Excellent customer service. Wait time was reasonable and the space was clean. Reservation noted.,5
WLR-0303,Hotel Mirador,2025-01-04,El servicio fue correcto aunque la espera fue algo larga. Personal amable. Staff noted.,4
WLR-0304,Gym Urban,2025-01-05,"Service was solid: friendly faces, clear communication, and fair pricing. Atmosphere noted.",5
WLR-0305,Bistro Norte,2025-01-06,The manager listened to our feedback and offered a complimentary drink. Nice touch. Tiempo de espera noted.,5
WLR-0306,Bistro Norte,2025-01-07,Excellent customer service. Wait time was reasonable and the space was clean. Staff noted.,5
WLR-0307,Restaurante Mar,2025-01-08,Smooth appointment process. Reception staff were courteous and efficient.,5
WLR-0308,Bar La Plaza,2025-01-09,Buena atencion al cliente. Nos explicaron todo con paciencia y sin prisas. Ambiente noted.,5
WLR-0309,Studio Fit,2025-01-10,Excellent customer service. Wait time was reasonable and the space was clean. Personal noted.,5
WLR-0310,Gym Urban,2025-01-11,Smooth appointment process. Reception staff were courteous and efficient. Personal noted.,5
WLR-0311,Cafe Sol,2025-01-12,Clean facilities and polite team. Not perfect but definitely above average. Wait time noted.,5
WLR-0312,Gym Urban,2025-01-13,Excellent customer service. Wait time was reasonable and the space was clean. Atmosphere noted.,5
WLR-0313,Studio Fit,2025-01-14,Friendly staff and quick service. The atmosphere felt welcoming even though it was busy. Wait time noted.,5
WLR-0314,Spa Luna,2025-01-15,Ambiente agradable y personal atento. La espera fue corta para un sabado. Tiempo de espera noted.,5
WLR-0315,Restaurante Mar,2025-01-16,Average wait time yet the hostess stayed cheerful and updated us regularly. Ambiente noted.,3
WLR-0316,Bar La Plaza,2025-01-17,Warm welcome and helpful recommendations. Felt valued as a returning customer. Wait time noted.,4
WLR-0317,Studio Fit,2025-01-18,Buena atencion al cliente. Nos explicaron todo con paciencia y sin prisas. Wait time noted.,5
WLR-0318,Taller Express,2025-01-19,The manager listened to our feedback and offered a complimentary drink. Nice touch. Ambiente noted.,5
WLR-0319,Cafe Sol,2025-01-20,The manager listened to our feedback and offered a complimentary drink. Nice touch. Reservation noted.,5
WLR-0320,Gym Urban,2025-01-21,Staff went above and beyond to help with our reservation change. Very professional. Tiempo de espera noted.,5
WLR-0321,Clinica Vida,2025-01-22,Friendly staff and quick service. The atmosphere felt welcoming even though it was busy.,5
WLR-0322,Hotel Mirador,2025-01-23,Lovely ambiance and kind reception. Would recommend for a relaxed evening.,5
WLR-0323,Studio Fit,2025-01-24,Nothing special but reliable service. Staff answered all our questions. Reservation noted.,3
WLR-0324,Cafe Sol,2025-01-25,Personal muy amable y servicio rapido. El local estaba limpio y bien organizado. Wait time noted.,5
WLR-0325,Hotel Mirador,2025-01-26,Staff were polite; parking was tricky yet they guided us to an alternative spot. Tiempo de espera noted.,3
WLR-0326,Taller Express,2025-01-27,Excellent customer service. Wait time was reasonable and the space was clean. Tiempo de espera noted.,5
WLR-0327,Taller Express,2025-01-28,Smooth appointment process. Reception staff were courteous and efficient.,5
WLR-0328,Bistro Norte,2025-01-29,Decent experience. Not amazing but nothing to complain about really. Personal noted.,3
WLR-0329,Restaurante Mar,2025-01-30,Very slow service and nobody apologized for the mistake. Staff noted.,1
WLR-0330,Bistro Norte,2025-01-31,Standard visit. Service was acceptable and the place looked average. Ambiente noted.,3
WLR-0331,Gym Urban,2025-02-01,"Service was solid: friendly faces, clear communication, and fair pricing. Personal noted.",5
WLR-0332,Studio Fit,2025-02-02,Buena atencion al cliente. Nos explicaron todo con paciencia y sin prisas. Tiempo de espera noted.,4
WLR-0333,Cafe Sol,2025-02-03,Neither great nor bad. Staff did the minimum expected. Tiempo de espera noted.,3
WLR-0334,Gym Urban,2025-02-04,Personal muy amable y servicio rapido. El local estaba limpio y bien organizado. Atmosphere noted.,5
WLR-0335,Bistro Norte,2025-02-05,Ambiente agradable y personal atento. La espera fue corta para un sabado.,5
WLR-0336,Clinica Vida,2025-02-06,Buena atencion al cliente. Nos explicaron todo con paciencia y sin prisas. Wait time noted.,5
WLR-0337,Taller Express,2025-02-07,Buena atencion al cliente. Nos explicaron todo con paciencia y sin prisas. Tiempo de espera noted.,5
WLR-0338,Studio Fit,2025-02-08,Great experience overall. Team was attentive and solved a small billing issue politely. Tiempo de espera noted.,5
WLR-0339,Clinica Vida,2025-02-09,Smooth appointment process. Reception staff were courteous and efficient. Personal noted.,5
WLR-0340,Taller Express,2025-02-10,Excellent customer service. Wait time was reasonable and the space was clean.,4
WLR-0341,Taller Express,2025-02-11,The manager listened to our feedback and offered a complimentary drink. Nice touch. Wait time noted.,5
WLR-0342,Bar La Plaza,2025-02-12,Outstanding hospitality. Minor delay at check-in but staff kept us informed. Reception noted.,5
WLR-0343,Clinica Vida,2025-02-13,Personal muy amable y servicio rapido. El local estaba limpio y bien organizado. Atmosphere noted.,5
WLR-0344,Studio Fit,2025-02-14,Great experience overall. Team was attentive and solved a small billing issue politely. Atmosphere noted.,5
WLR-0345,Gym Urban,2025-02-15,Poor communication about delays. We left frustrated. Atmosphere noted.,2
WLR-0346,Hotel Mirador,2025-02-16,Regular experience. Wait time was normal for the area.,3
WLR-0347,Spa Luna,2025-02-17,Nothing special but reliable service. Staff answered all our questions. Ambiente noted.,3
WLR-0348,Gym Urban,2025-02-18,Warm welcome and helpful recommendations. Felt valued as a returning customer. Ambiente noted.,5
WLR-0349,Bar La Plaza,2025-02-19,The manager listened to our feedback and offered a complimentary drink. Nice touch. Personal noted.,5
WLR-0350,Bistro Norte,2025-02-20,Excellent customer service. Wait time was reasonable and the space was clean. Ambiente noted.,5
WLR-0351,Studio Fit,2025-02-21,Ambiente agradable y personal atento. La espera fue corta para un sabado.,5
WLR-0352,Gym Urban,2025-02-22,Warm welcome and helpful recommendations. Felt valued as a returning customer. Reservation noted.,5
WLR-0353,Taller Express,2025-02-23,Friendly staff and quick service. The atmosphere felt welcoming even though it was busy. Personal noted.,5
WLR-0354,Spa Luna,2025-02-24,Great experience overall. Team was attentive and solved a small billing issue politely. Reservation noted.,5
WLR-0355,Studio Fit,2025-02-25,Friendly staff and quick service. The atmosphere felt welcoming even though it was busy. Personal noted.,4
WLR-0356,Gym Urban,2025-02-26,Neither great nor bad. Staff did the minimum expected. Wait time noted.,3
WLR-0357,Spa Luna,2025-02-27,Clean facilities and polite team. Not perfect but definitely above average. Tiempo de espera noted.,5
WLR-0358,Spa Luna,2025-02-28,Clean facilities and polite team. Not perfect but definitely above average. Staff noted.,5
WLR-0359,Bar La Plaza,2025-03-01,Nice vibe and professional staff. A bit crowded but they handled it well. Reception noted.,5
WLR-0360,Taller Express,2025-03-02,Clean facilities and polite team. Not perfect but definitely above average. Ambiente noted.,5
WLR-0361,Spa Luna,2025-03-03,Excellent customer service. Wait time was reasonable and the space was clean. Staff noted.,5
WLR-0362,Bistro Norte,2025-03-04,Great experience overall. Team was attentive and solved a small billing issue politely. Personal noted.,5
WLR-0363,Cafe Sol,2025-03-05,Decent experience. Not amazing but nothing to complain about really. Atmosphere noted.,3
WLR-0364,Spa Luna,2025-03-06,Staff went above and beyond to help with our reservation change. Very professional. Ambiente noted.,5
WLR-0365,Bar La Plaza,2025-03-07,Mala organizacion y poca empatia del personal en mostrador. Atmosphere noted.,1
WLR-0366,Restaurante Mar,2025-03-08,"Food was fine and staff tried their best, but we waited 25 minutes for a table. Reservation noted.",3
WLR-0367,Gym Urban,2025-03-09,Buena atencion al cliente. Nos explicaron todo con paciencia y sin prisas. Personal noted.,5
WLR-0368,Bistro Norte,2025-03-10,Friendly staff and quick service. The atmosphere felt welcoming even though it was busy. Personal noted.,5
WLR-0369,Taller Express,2025-03-11,Personal muy amable y servicio rapido. El local estaba limpio y bien organizado. Wait time noted.,5
WLR-0370,Studio Fit,2025-03-12,The manager listened to our feedback and offered a complimentary drink. Nice touch. Tiempo de espera noted.,5
WLR-0371,Bar La Plaza,2025-03-13,Lovely ambiance and kind reception. Would recommend for a relaxed evening. Atmosphere noted.,5
WLR-0372,Bar La Plaza,2025-03-14,Great experience overall. Team was attentive and solved a small billing issue politely. Atmosphere noted.,5
WLR-0373,Hotel Mirador,2025-03-15,The manager listened to our feedback and offered a complimentary drink. Nice touch. Tiempo de espera noted.,4
WLR-0374,Taller Express,2025-03-16,Good service from the team although the room was noisy during peak hours. Reservation noted.,4
WLR-0375,Hotel Mirador,2025-03-17,Warm welcome and helpful recommendations. Felt valued as a returning customer. Personal noted.,4
WLR-0376,Restaurante Mar,2025-03-18,The manager listened to our feedback and offered a complimentary drink. Nice touch. Wait time noted.,5
WLR-0377,Cafe Sol,2025-03-19,Outstanding hospitality. Minor delay at check-in but staff kept us informed. Personal noted.,5
WLR-0378,Hotel Mirador,2025-03-20,Personal muy amable y servicio rapido. El local estaba limpio y bien organizado. Reservation noted.,5
WLR-0379,Spa Luna,2025-03-21,Staff went above and beyond to help with our reservation change. Very professional. Personal noted.,5
WLR-0380,Hotel Mirador,2025-03-22,Staff went above and beyond to help with our reservation change. Very professional. Reception noted.,5
WLR-0381,Studio Fit,2025-03-23,Excellent customer service. Wait time was reasonable and the space was clean.,5
WLR-0382,Bar La Plaza,2025-03-24,Long wait and staff seemed overwhelmed. Not coming back soon.,2
WLR-0383,Gym Urban,2025-03-25,Nice vibe and professional staff. A bit crowded but they handled it well. Atmosphere noted.,5
WLR-0384,Hotel Mirador,2025-03-26,Buena atencion al cliente. Nos explicaron todo con paciencia y sin prisas. Atmosphere noted.,5
WLR-0385,Spa Luna,2025-03-27,Excellent customer service. Wait time was reasonable and the space was clean. Atmosphere noted.,5
WLR-0386,Bar La Plaza,2025-03-28,Friendly staff and quick service. The atmosphere felt welcoming even though it was busy. Tiempo de espera noted.,5
WLR-0387,Spa Luna,2025-03-29,El servicio fue correcto aunque la espera fue algo larga. Personal amable. Reception noted.,3
WLR-0388,Spa Luna,2025-03-30,Clean facilities and polite team. Not perfect but definitely above average. Reservation noted.,5
WLR-0389,Studio Fit,2025-03-31,Staff went above and beyond to help with our reservation change. Very professional. Reception noted.,5
WLR-0390,Bar La Plaza,2025-04-01,Very slow service and nobody apologized for the mistake. Reception noted.,1
WLR-0391,Spa Luna,2025-04-02,The manager listened to our feedback and offered a complimentary drink. Nice touch. Ambiente noted.,5
WLR-0392,Restaurante Mar,2025-04-03,Nothing special but reliable service. Staff answered all our questions. Reservation noted.,3
WLR-0393,Hotel Mirador,2025-04-04,Outstanding hospitality. Minor delay at check-in but staff kept us informed. Tiempo de espera noted.,5
WLR-0394,Studio Fit,2025-04-05,It was alright. Friendly staff compensated for a small scheduling mistake. Atmosphere noted.,4
WLR-0395,Bar La Plaza,2025-04-06,Long wait and staff seemed overwhelmed. Not coming back soon. Ambiente noted.,1
WLR-0396,Taller Express,2025-04-07,Decent experience. Not amazing but nothing to complain about really. Wait time noted.,3
WLR-0397,Studio Fit,2025-04-08,"Service was solid: friendly faces, clear communication, and fair pricing. Wait time noted.",5
WLR-0398,Studio Fit,2025-04-09,Great experience overall. Team was attentive and solved a small billing issue politely. Atmosphere noted.,5
WLR-0399,Restaurante Mar,2025-04-10,Outstanding hospitality. Minor delay at check-in but staff kept us informed. Atmosphere noted.,4
WLR-0400,Spa Luna,2025-04-11,Great experience overall. Team was attentive and solved a small billing issue politely. Reception noted.,5
WLR-0401,Cafe Sol,2025-04-12,Nice vibe and professional staff. A bit crowded but they handled it well. Personal noted.,5
WLR-0402,Restaurante Mar,2025-04-13,Buena atencion al cliente. Nos explicaron todo con paciencia y sin prisas. Staff noted.,5
WLR-0403,Clinica Vida,2025-04-14,Outstanding hospitality. Minor delay at check-in but staff kept us informed. Personal noted.,5
WLR-0404,Bar La Plaza,2025-04-15,Good service from the team although the room was noisy during peak hours. Wait time noted.,3
WLR-0405,Bar La Plaza,2025-04-16,Staff went above and beyond to help with our reservation change. Very professional.,5
WLR-0406,Bar La Plaza,2025-04-17,Nice vibe and professional staff. A bit crowded but they handled it well. Wait time noted.,5
WLR-0407,Hotel Mirador,2025-04-18,Warm welcome and helpful recommendations. Felt valued as a returning customer. Atmosphere noted.,5
WLR-0408,Spa Luna,2025-04-19,Friendly staff and quick service. The atmosphere felt welcoming even though it was busy. Reservation noted.,5
WLR-0409,Spa Luna,2025-04-20,Smooth appointment process. Reception staff were courteous and efficient. Atmosphere noted.,5
WLR-0410,Bistro Norte,2025-04-21,Ambiente agradable y personal atento. La espera fue corta para un sabado. Staff noted.,5
WLR-0411,Clinica Vida,2025-04-22,Friendly staff and quick service. The atmosphere felt welcoming even though it was busy. Reservation noted.,5
WLR-0412,Taller Express,2025-04-23,"Service was solid: friendly faces, clear communication, and fair pricing. Atmosphere noted.",5
WLR-0413,Bistro Norte,2025-04-24,Smooth appointment process. Reception staff were courteous and efficient. Tiempo de espera noted.,5
WLR-0414,Clinica Vida,2025-04-25,Nothing special but reliable service. Staff answered all our questions. Reservation noted.,3
WLR-0415,Cafe Sol,2025-04-26,Middle-of-the-road service. Would consider coming back maybe. Wait time noted.,3
WLR-0416,Gym Urban,2025-04-27,Staff went above and beyond to help with our reservation change. Very professional. Tiempo de espera noted.,5
WLR-0417,Bistro Norte,2025-04-28,Very slow service and nobody apologized for the mistake. Wait time noted.,2
WLR-0418,Gym Urban,2025-04-29,Okay visit. Some confusion with the order yet they fixed it without arguing. Ambiente noted.,3
WLR-0419,Taller Express,2025-04-30,Outstanding hospitality. Minor delay at check-in but staff kept us informed.,5
WLR-0420,Restaurante Mar,2025-05-01,Staff were polite; parking was tricky yet they guided us to an alternative spot. Reservation noted.,4
WLR-0421,Clinica Vida,2025-05-02,Friendly staff and quick service. The atmosphere felt welcoming even though it was busy. Personal noted.,5
WLR-0422,Hotel Mirador,2025-05-03,Clean facilities and polite team. Not perfect but definitely above average. Tiempo de espera noted.,5
WLR-0423,Taller Express,2025-05-04,The manager listened to our feedback and offered a complimentary drink. Nice touch. Wait time noted.,5
WLR-0424,Taller Express,2025-05-05,Personal muy amable y servicio rapido. El local estaba limpio y bien organizado. Wait time noted.,5
WLR-0425,Restaurante Mar,2025-05-06,Warm welcome and helpful recommendations. Felt valued as a returning customer. Staff noted.,4
WLR-0426,Cafe Sol,2025-05-07,"Service was solid: friendly faces, clear communication, and fair pricing. Ambiente noted.",5
WLR-0427,Bar La Plaza,2025-05-08,The manager listened to our feedback and offered a complimentary drink. Nice touch. Tiempo de espera noted.,5
WLR-0428,Bar La Plaza,2025-05-09,Lovely ambiance and kind reception. Would recommend for a relaxed evening. Staff noted.,5
WLR-0429,Bar La Plaza,2025-05-10,Warm welcome and helpful recommendations. Felt valued as a returning customer. Wait time noted.,5
WLR-0430,Gym Urban,2025-05-11,Staff went above and beyond to help with our reservation change. Very professional. Wait time noted.,5
WLR-0431,Cafe Sol,2025-05-12,El servicio fue correcto aunque la espera fue algo larga. Personal amable. Atmosphere noted.,4
WLR-0432,Hotel Mirador,2025-05-13,Personal muy amable y servicio rapido. El local estaba limpio y bien organizado.,5
WLR-0433,Spa Luna,2025-05-14,"Service was solid: friendly faces, clear communication, and fair pricing. Ambiente noted.",5
WLR-0434,Hotel Mirador,2025-05-15,The manager listened to our feedback and offered a complimentary drink. Nice touch. Atmosphere noted.,5
WLR-0435,Cafe Sol,2025-05-16,Great experience overall. Team was attentive and solved a small billing issue politely. Ambiente noted.,5
WLR-0436,Cafe Sol,2025-05-17,Lovely ambiance and kind reception. Would recommend for a relaxed evening.,5
WLR-0437,Cafe Sol,2025-05-18,Warm welcome and helpful recommendations. Felt valued as a returning customer. Reception noted.,5
WLR-0438,Taller Express,2025-05-19,Personal muy amable y servicio rapido. El local estaba limpio y bien organizado. Reservation noted.,5
WLR-0439,Studio Fit,2025-05-20,"Service was solid: friendly faces, clear communication, and fair pricing. Ambiente noted.",4
WLR-0440,Studio Fit,2025-05-21,Friendly staff and quick service. The atmosphere felt welcoming even though it was busy. Reception noted.,5
WLR-0441,Bar La Plaza,2025-05-22,Warm welcome and helpful recommendations. Felt valued as a returning customer. Staff noted.,4
WLR-0442,Bar La Plaza,2025-05-23,Lovely ambiance and kind reception. Would recommend for a relaxed evening. Wait time noted.,5
WLR-0443,Spa Luna,2025-05-24,Buena atencion al cliente. Nos explicaron todo con paciencia y sin prisas. Tiempo de espera noted.,5
WLR-0444,Bar La Plaza,2025-05-25,Nice vibe and professional staff. A bit crowded but they handled it well. Tiempo de espera noted.,5
WLR-0445,Spa Luna,2025-05-26,Regular experience. Wait time was normal for the area. Ambiente noted.,3
WLR-0446,Bistro Norte,2025-05-27,Personal muy amable y servicio rapido. El local estaba limpio y bien organizado. Reservation noted.,5
WLR-0447,Bistro Norte,2025-05-28,Smooth appointment process. Reception staff were courteous and efficient. Tiempo de espera noted.,5
WLR-0448,Taller Express,2025-05-29,Buena atencion al cliente. Nos explicaron todo con paciencia y sin prisas. Atmosphere noted.,5
WLR-0449,Bistro Norte,2025-05-30,Unfriendly reception and messy waiting area. Personal noted.,2
WLR-0450,Studio Fit,2025-05-31,Long wait and staff seemed overwhelmed. Not coming back soon. Personal noted.,1
WLR-0451,Gym Urban,2025-06-01,Lovely ambiance and kind reception. Would recommend for a relaxed evening. Ambiente noted.,5
WLR-0452,Bar La Plaza,2025-06-02,Staff were polite; parking was tricky yet they guided us to an alternative spot. Ambiente noted.,4
WLR-0453,Bar La Plaza,2025-06-03,Ambiente agradable y personal atento. La espera fue corta para un sabado. Staff noted.,5
WLR-0454,Studio Fit,2025-06-04,Clean facilities and polite team. Not perfect but definitely above average. Tiempo de espera noted.,5
WLR-0455,Bistro Norte,2025-06-05,El servicio fue correcto aunque la espera fue algo larga. Personal amable. Staff noted.,3
WLR-0456,Bar La Plaza,2025-06-06,The manager listened to our feedback and offered a complimentary drink. Nice touch. Tiempo de espera noted.,5
WLR-0457,Cafe Sol,2025-06-07,Mala organizacion y poca empatia del personal en mostrador. Atmosphere noted.,2
WLR-0458,Cafe Sol,2025-06-08,Clean facilities and polite team. Not perfect but definitely above average. Ambiente noted.,4
WLR-0459,Clinica Vida,2025-06-09,Excellent customer service. Wait time was reasonable and the space was clean.,5
WLR-0460,Restaurante Mar,2025-06-10,El servicio fue correcto aunque la espera fue algo larga. Personal amable.,4
WLR-0461,Spa Luna,2025-06-11,"Food was fine and staff tried their best, but we waited 25 minutes for a table. Atmosphere noted.",4
WLR-0462,Spa Luna,2025-06-12,Personal muy amable y servicio rapido. El local estaba limpio y bien organizado.,5
WLR-0463,Gym Urban,2025-06-13,Nothing special but reliable service. Staff answered all our questions. Wait time noted.,3
WLR-0464,Bar La Plaza,2025-06-14,Personal muy amable y servicio rapido. El local estaba limpio y bien organizado. Tiempo de espera noted.,4
WLR-0465,Clinica Vida,2025-06-15,The manager listened to our feedback and offered a complimentary drink. Nice touch. Reservation noted.,5
WLR-0466,Hotel Mirador,2025-06-16,Great experience overall. Team was attentive and solved a small billing issue politely. Staff noted.,5
WLR-0467,Taller Express,2025-06-17,Ambiente agradable y personal atento. La espera fue corta para un sabado. Tiempo de espera noted.,5
WLR-0468,Studio Fit,2025-06-18,Great experience overall. Team was attentive and solved a small billing issue politely. Reservation noted.,5
WLR-0469,Clinica Vida,2025-06-19,Smooth appointment process. Reception staff were courteous and efficient. Ambiente noted.,5
WLR-0470,Spa Luna,2025-06-20,Mala organizacion y poca empatia del personal en mostrador. Reservation noted.,2
WLR-0471,Spa Luna,2025-06-21,Excellent customer service. Wait time was reasonable and the space was clean.,4
WLR-0472,Bistro Norte,2025-06-22,Excellent customer service. Wait time was reasonable and the space was clean. Ambiente noted.,5
WLR-0473,Bistro Norte,2025-06-23,El servicio fue correcto aunque la espera fue algo larga. Personal amable.,4
WLR-0474,Studio Fit,2025-06-24,Outstanding hospitality. Minor delay at check-in but staff kept us informed. Reservation noted.,5
WLR-0475,Hotel Mirador,2025-06-25,"Service was solid: friendly faces, clear communication, and fair pricing. Atmosphere noted.",5
WLR-0476,Taller Express,2025-06-26,Warm welcome and helpful recommendations. Felt valued as a returning customer. Personal noted.,5
WLR-0477,Clinica Vida,2025-06-27,Staff went above and beyond to help with our reservation change. Very professional. Wait time noted.,5
WLR-0478,Clinica Vida,2025-06-28,Warm welcome and helpful recommendations. Felt valued as a returning customer. Atmosphere noted.,5
WLR-0479,Cafe Sol,2025-06-29,Warm welcome and helpful recommendations. Felt valued as a returning customer. Ambiente noted.,5
WLR-0480,Spa Luna,2025-06-30,Personal muy amable y servicio rapido. El local estaba limpio y bien organizado.,5
WLR-0481,Gym Urban,2025-07-01,Warm welcome and helpful recommendations. Felt valued as a returning customer. Atmosphere noted.,5
WLR-0482,Bistro Norte,2025-07-02,Nice vibe and professional staff. A bit crowded but they handled it well. Wait time noted.,5
WLR-0483,Spa Luna,2025-07-03,Lovely ambiance and kind reception. Would recommend for a relaxed evening. Tiempo de espera noted.,5
WLR-0484,Restaurante Mar,2025-07-04,Outstanding hospitality. Minor delay at check-in but staff kept us informed. Tiempo de espera noted.,5
WLR-0485,Hotel Mirador,2025-07-05,"Service was solid: friendly faces, clear communication, and fair pricing. Wait time noted.",5
WLR-0486,Spa Luna,2025-07-06,Personal muy amable y servicio rapido. El local estaba limpio y bien organizado. Wait time noted.,5
WLR-0487,Hotel Mirador,2025-07-07,Ambiente agradable y personal atento. La espera fue corta para un sabado.,5
WLR-0488,Hotel Mirador,2025-07-08,It was alright. Friendly staff compensated for a small scheduling mistake. Atmosphere noted.,3
WLR-0489,Bistro Norte,2025-07-09,Very slow service and nobody apologized for the mistake. Staff noted.,1
WLR-0490,Studio Fit,2025-07-10,Outstanding hospitality. Minor delay at check-in but staff kept us informed. Atmosphere noted.,5
WLR-0491,Bar La Plaza,2025-07-11,Excellent customer service. Wait time was reasonable and the space was clean. Atmosphere noted.,5
WLR-0492,Taller Express,2025-07-12,Decent experience. Not amazing but nothing to complain about really. Personal noted.,4
WLR-0493,Bistro Norte,2025-07-13,Nice vibe and professional staff. A bit crowded but they handled it well. Reservation noted.,5
WLR-0494,Taller Express,2025-07-14,Lovely ambiance and kind reception. Would recommend for a relaxed evening.,5
WLR-0495,Studio Fit,2025-07-15,Lovely ambiance and kind reception. Would recommend for a relaxed evening. Atmosphere noted.,5
WLR-0496,Taller Express,2025-07-16,Clean facilities and polite team. Not perfect but definitely above average. Wait time noted.,5
WLR-0497,Hotel Mirador,2025-07-17,It was alright. Friendly staff compensated for a small scheduling mistake. Atmosphere noted.,4
WLR-0498,Gym Urban,2025-07-18,The manager listened to our feedback and offered a complimentary drink. Nice touch. Personal noted.,5
WLR-0499,Bistro Norte,2025-07-19,Friendly staff and quick service. The atmosphere felt welcoming even though it was busy.,5
WLR-0500,Clinica Vida,2025-07-20,Friendly staff and quick service. The atmosphere felt welcoming even though it was busy. Reservation noted.,5
